region,amount,legacy_code
North,82.19,1
East,110.47,2
South,115.22,2
East,100.68,1
South,88.84,3
North,77.28,1
East,101.24,3
North,64.54,2
North,77.77,0
East,115.46,3
East,108.85,2
West,117.84,2
South,105.65,0
North,82.37,3
North,106.55,2
North,72.32,1
North,109.87,0
East,119.89,3
West,84.39,0
South,114.79,1
East,99.96,1
South,96.94,1
East,69.74,1
South,96.99,2
South,112.35,0
North,73.6,3
North,92.07,0
South,88.74,0
North,74.88,0
South,114.96,3
North,99.59,1
South,99.93,3
North,114.05,1
East,88.03,2
South,148.13,1
East,92.42,0
North,81.88,1
East,108.87,2
North,105.1,0
East,85.06,1
South,85.95,3
North,112.04,2
South,104.0,2
East,105.86,2
South,112.74,1
East,90.67,0
West,118.7,0
West,100.26,0
North,110.66,3
West,86.13,3
South,111.2,3
North,104.16,2
North,137.14,3
West,97.75,2
West,122.98,3
South,109.65,3
North,123.65,3
East,103.73,0
South,107.42,1
West,66.97,2
North,81.08,0
West,115.9,1
East,106.6,1
West,111.83,3
North,96.34,0
East,112.03,0
North,94.93,3
West,99.42,2
West,118.49,0
South,116.43,2
North,93.74,1
North,101.04,3
East,103.82,2
North,98.16,2
East,98.77,1
South,86.15,1
West,108.76,2
East,84.61,1
West,85.83,0
South,119.28,0
South,127.62,0
East,127.91,3
South,105.55,0
North,92.23,0
South,111.37,0
West,123.47,2
West,102.01,2
South,94.21,1
West,75.3,3
West,74.99,3
North,125.95,2
East,78.26,1
North,90.21,0
West,95.72,2
North,103.85,0
South,80.78,2
West,108.67,2
North,108.78,0
North,101.19,1
South,90.81,2
East,94.55,0
South,71.22,0
South,109.43,0
South,92.2,2
North,79.53,1
West,99.42,0
South,107.38,1
South,105.28,0
North,109.25,1
West,117.37,1
East,92.01,1
North,102.67,3
West,103.64,2
East,78.02,1
East,116.06,3
South,94.83,2
North,103.41,0
North,104.16,3
North,87.47,1
South,111.92,1
South,114.2,3
West,102.19,2
North,56.33,3
East,119.99,3
East,97.4,0
East,89.94,2
East,90.86,1
West,83.4,0
West,94.08,0
East,108.83,2
South,83.04,2
North,102.73,3
South,90.68,0
North,95.72,1
South,94.05,2
East,104.17,1
West,114.72,2
South,99.41,3
West,113.02,2
North,121.83,3
East,77.92,1
West,111.33,1
South,95.13,2
South,96.85,3
North,114.2,1
West,96.15,0
South,90.25,0
South,118.6,2
East,115.44,0
East,105.99,3
South,142.09,1
East,85.11,2
West,75.57,3
North,96.71,1
North,82.93,3
East,105.49,3
West,91.13,3
South,91.0,3
West,100.1,0
South,87.39,3
West,71.24,3
East,89.1,0
West,110.5,0
West,103.51,1
West,113.94,1
South,125.17,0
North,113.13,2
East,99.12,3
North,88.76,0
South,106.92,2
West,124.02,0
East,121.28,2
West,113.99,0
North,87.99,3
North,108.72,2
West,110.59,0
East,118.35,0
North,81.05,0
North,89.59,3
East,102.07,1
East,101.87,0
North,90.9,0
East,107.5,3
North,95.61,0
North,116.58,3
West,92.72,0
East,102.98,1
East,68.64,0
North,103.05,0
North,90.07,1
North,110.62,3
South,97.44,3
South,118.4,0
North,92.06,3
North,78.53,1
West,103.59,1
South,108.69,2
West,88.87,2
South,80.62,1
West,111.33,2
West,115.76,1
East,110.96,0
North,101.36,3
East,100.02,2
West,124.45,3
North,112.02,2
West,86.46,2
North,83.94,3
West,109.39,0
South,110.99,2
South,90.88,2
East,88.71,2
South,114.49,2
West,95.35,2
West,112.56,1
South,83.54,0
East,85.3,1
North,74.5,3
East,99.6,1
East,94.05,2
West,74.96,2
West,102.38,3
West,92.15,1
South,96.74,1
South,120.96,0
East,114.54,3
North,107.42,2
South,95.1,3
South,82.26,3
West,90.22,2
West,94.42,2
North,118.82,1
North,86.19,3
East,91.88,0
West,99.87,1
North,105.86,2
East,116.2,2
East,119.87,1
West,97.78,1
East,128.83,2
North,110.06,3
West,88.26,1
South,85.39,1
East,93.74,3
North,96.23,2
West,111.79,1
West,87.77,2
South,91.45,2
North,87.27,2
North,103.97,0
West,78.23,1
West,108.2,2
North,88.13,2
West,96.72,0
South,106.43,0
West,104.42,3
North,141.59,0
West,86.35,1
East,68.76,0
North,80.34,0
West,112.34,2
West,83.95,3
West,115.31,2
North,96.69,1
South,111.06,2
South,77.06,3
West,115.52,1
North,117.26,2
East,86.01,0
South,119.7,0
South,139.36,2
North,99.94,0
West,85.94,2
North,91.02,1
East,95.65,1
East,115.08,3
South,127.35,2
North,93.74,3
West,96.6,1
South,79.21,0
West,92.15,2
East,107.03,0
West,69.92,3
North,110.3,3
South,113.38,0
West,118.05,1
East,91.43,2
West,76.51,1
South,95.81,2
West,84.48,2
North,73.6,0
East,88.59,2
South,79.13,3
West,128.82,1
South,111.17,3
North,113.16,0
North,83.36,1
North,120.53,1
North,94.36,3
East,112.73,3
North,84.71,0
North,109.33,2
West,74.89,3
East,97.39,3
South,96.35,2
East,79.51,3
North,100.38,3
West,91.46,1
East,94.06,0
North,111.02,3
West,119.37,1
South,97.01,3
West,119.2,1
West,114.98,2
North,111.14,0
South,123.76,0
East,77.47,1
South,119.92,3
West,105.65,0
North,94.16,2
East,97.5,1
North,115.25,2
North,118.01,0
East,110.78,0
East,82.69,0
North,78.18,1
North,100.75,1
South,109.61,3
South,89.79,1
East,113.32,3
East,109.27,0
South,107.4,3
North,88.77,2
East,118.8,0
West,114.7,2
West,120.5,2
West,105.9,0
North,81.31,3
North,105.93,0
East,113.21,3
South,98.16,0
East,83.14,1
South,108.59,1
East,109.84,0
North,81.48,3
South,89.35,2
West,78.53,3
North,105.04,0
South,102.81,1
South,126.12,1
North,86.42,0
East,119.99,0
North,96.8,0
West,104.1,1
South,81.58,1
South,100.41,3
East,92.12,2
West,98.37,0
West,102.78,1
West,107.29,2
East,112.5,0
South,99.71,0
West,86.69,2
East,115.38,2
West,101.27,2
North,91.0,1
North,120.56,2
West,104.39,2
West,110.9,2
South,74.75,2
North,90.77,3
North,130.22,1
West,107.6,3
West,107.31,1
North,89.49,0
West,98.02,3
East,105.6,0
East,98.94,0
West,98.36,3
West,73.78,3
North,88.09,3
South,93.25,1
East,108.42,1
East,107.7,0
West,99.75,3
South,89.1,2
North,89.08,0
East,103.59,2
East,79.65,2
South,96.55,0
East,95.15,1
East,96.01,0
North,124.58,3
South,97.62,0
South,112.65,0
South,123.6,2
North,107.45,3
East,99.79,1
North,81.03,1
South,123.96,2
East,83.16,2
South,69.21,3
West,115.61,1
West,77.77,2
South,81.72,3
South,88.91,2
North,81.79,0
South,66.91,0
North,102.28,2
West,106.61,0
North,110.65,3
West,98.87,2
East,93.31,2
West,91.33,0
East,117.42,3
North,111.8,2
North,92.65,2
West,103.81,2
West,81.55,1
North,106.66,1
South,83.11,0
East,96.95,1
East,95.62,2
West,59.06,2
South,109.1,2
East,98.63,3
South,87.35,2
North,88.28,2
South,97.44,3
East,96.48,2
West,105.62,0
North,101.13,3
North,107.96,1
West,102.55,0
East,78.15,1
North,78.05,2
South,105.94,3
North,104.83,0
West,98.92,2
South,79.55,1
North,88.52,3
East,86.98,1
South,108.94,3
West,87.06,2
South,78.9,3
North,87.24,0
North,103.67,1
West,122.59,1
West,91.76,0
South,115.79,1
West,92.51,0
West,92.77,3
North,86.55,3
East,110.97,2
South,92.05,0
North,113.34,2
East,93.31,0
East,125.22,1
South,102.67,1
East,100.26,2
West,81.82,1
West,118.71,0
South,104.08,2
South,100.8,1
South,100.02,0
South,92.38,0
North,92.06,1
East,104.92,2
North,87.93,0
North,97.74,1
South,133.47,1
East,98.02,1
South,95.72,1
South,113.29,1
East,85.44,1
East,120.73,2
South,100.06,0
North,82.66,0
West,97.86,1
South,89.68,1
South,110.27,3
South,93.11,3
West,110.7,0
South,71.41,1
North,93.48,3
West,108.42,0
East,107.48,0
West,100.9,1
South,111.13,1
North,111.55,3
South,99.95,1
East,103.12,3
North,113.34,2
West,102.46,1
South,61.91,2
West,76.55,3
North,90.24,1
North,110.13,2
West,100.93,3
East,109.59,2
North,114.89,1
West,108.03,0
West,85.9,1
West,112.4,1
North,79.8,2
East,80.73,2
North,93.18,2
South,65.9,1
North,124.44,2
North,134.67,1
East,96.91,3
East,93.69,2
South,68.2,2
South,107.08,2
North,88.72,1
South,81.11,2
South,78.35,1
East,97.13,1
West,95.63,0
North,96.88,0
North,89.63,3
South,73.04,3
West,120.08,1
South,110.82,2
North,89.93,3
South,78.53,1
North,83.63,3
North,108.95,0
West,106.22,0
East,102.88,1
North,116.46,0
West,90.46,1
West,120.01,2
East,101.22,3
East,87.53,1
West,106.36,2
North,103.52,1
West,88.34,3
East,125.47,1
East,74.32,2
South,102.64,1
West,104.9,1
West,88.22,2
North,99.65,2
North,118.43,1
East,82.26,0
South,82.79,2
West,93.91,2
East,106.55,3
East,115.69,0
West,107.69,0
West,82.32,0
West,115.64,2
South,109.68,0
South,114.36,1
North,74.3,0
East,73.65,0
North,88.69,1
East,91.93,0
North,98.39,2
East,82.18,0
East,82.51,0
South,104.77,2
East,66.72,3
South,80.71,0
North,98.67,3
East,109.46,3
West,102.4,0
South,122.07,0
South,102.83,1
East,108.84,3
North,110.42,1
South,98.91,0
East,78.62,0
North,93.98,2
North,95.07,2
West,85.13,0
South,107.99,1
West,90.09,2
East,75.75,2
South,97.71,3
East,82.83,1
East,105.7,2
North,58.79,2
North,72.44,1
West,97.88,2
South,101.47,2
East,98.95,3
South,120.33,2
East,94.06,3
North,90.11,3
South,110.12,3
North,92.94,1
West,103.66,1
North,116.6,1
North,95.43,1
South,96.25,3
South,88.84,3
East,103.76,2
East,107.22,1
South,113.45,0
South,108.02,0
East,127.88,0
West,100.58,1
South,100.29,0
East,94.19,2
West,117.43,2
South,99.75,3
South,94.32,2
West,79.3,3
West,96.74,1
East,111.5,2
South,60.4,2
East,82.28,3
North,85.19,2
East,86.67,1
North,99.52,1
East,93.21,0
North,100.88,3
West,103.2,0
East,119.0,2
West,95.27,3
South,104.15,3
North,95.72,2
East,101.48,2
West,94.03,1
West,82.09,2
East,105.02,1
North,115.24,2
South,85.3,3
South,98.75,0
East,98.73,1
West,67.8,0
East,127.92,0
East,120.86,3
South,116.68,0
South,113.96,0
West,86.58,1
North,63.0,1
West,98.3,3
South,100.45,3
North,95.21,3
East,92.69,0
South,113.81,1
East,110.72,2
South,98.89,2
West,91.74,1
West,132.87,3
West,111.45,3
East,100.73,1
South,79.89,3
East,76.27,0
North,58.22,3
West,95.42,1
South,103.49,2
West,96.55,0
West,99.14,3
North,102.78,0
West,111.57,1
South,72.89,3
West,80.72,1
East,112.35,3
West,103.34,2
East,106.64,1
East,84.34,2
North,121.58,1
West,101.02,2
East,95.83,0
West,86.2,2
West,102.16,0
North,101.83,2
East,97.66,0
North,123.46,1
North,117.11,0
North,99.36,3
East,90.94,3
East,93.04,1
North,104.67,0
North,58.37,1
West,104.25,1
South,96.43,1
East,131.38,1
West,106.34,2
West,97.34,1
East,100.64,2
West,90.56,1
South,89.62,3
West,99.03,2
East,70.22,1
East,100.09,0
East,75.09,0
South,89.38,2
South,89.19,1
North,110.41,3
West,123.31,0
East,121.26,2
West,92.91,3
North,96.68,3
South,100.66,1
South,102.45,3
South,116.82,0
East,110.21,2
West,100.07,0
East,128.84,0
West,113.62,0
North,127.61,2
South,99.43,0
East,108.89,0
East,105.3,0
North,103.02,3
South,84.84,3
North,104.19,2
South,78.73,3
East,106.19,3
North,126.13,1
East,117.44,0
East,104.97,3
South,96.2,0
South,111.91,3
East,85.01,2
West,82.53,0
West,81.1,3
West,106.29,3
East,80.83,1
West,109.25,2
West,115.58,3
North,110.62,3
South,98.86,3
North,106.7,2
West,82.55,1
South,103.37,2
East,125.33,3
East,122.11,3
East,76.81,3
East,99.26,0
South,95.31,0
East,113.87,3
West,104.34,3
East,98.8,3
East,90.74,0
West,102.53,0
West,98.09,0
North,101.13,1
West,97.97,0
South,81.87,3
East,106.29,2
South,106.9,0
South,103.44,2
West,104.04,0
West,118.31,1
South,116.36,0
East,124.84,0
East,110.56,1
South,112.81,0
East,101.05,2
West,84.77,1
North,82.85,1
North,107.95,2
East,102.13,2
North,108.35,3
East,65.89,2
West,96.81,1
East,101.57,2
North,94.24,2
South,95.73,1
South,72.85,1
East,97.82,2
South,118.16,1
South,82.36,1
North,107.46,1
North,88.52,0
East,101.93,3
West,120.5,1
South,100.11,0
East,104.84,0
North,108.93,1
North,98.91,0
South,118.1,2
North,69.62,2
East,94.65,2
North,71.02,0
West,76.78,1
East,99.25,0
East,81.41,0
North,93.36,3
West,119.58,3
North,107.54,3
East,155.38,2
East,97.96,0
South,100.54,0
South,62.72,1
East,99.22,1
East,92.71,3
East,106.67,2
East,100.12,1
West,89.92,0
North,70.36,3
South,110.94,0
East,88.98,0
West,73.66,3
